concept_id,concept_name,participating_hyperedges,isolated
244,concept_244,225,Âê¶
289,concept_289,212,Âê¶
218,concept_218,195,Âê¶
235,concept_235,172,Âê¶
145,concept_145,146,Âê¶
236,concept_236,141,Âê¶
151,concept_151,137,Âê¶
240,concept_240,119,Âê¶
311,concept_311,94,Âê¶
259,concept_259,93,Âê¶
304,concept_304,86,Âê¶
149,concept_149,80,Âê¶
209,concept_209,80,Âê¶
54,concept_54,67,Âê¶
308,concept_308,65,Âê¶
178,concept_178,61,Âê¶
117,concept_117,57,Âê¶
163,concept_163,50,Âê¶
268,concept_268,47,Âê¶
35,concept_35,43,Âê¶
132,concept_132,43,Âê¶
249,concept_249,43,Âê¶
283,concept_283,43,Âê¶
51,concept_51,42,Âê¶
310,concept_310,40,Âê¶
212,concept_212,39,Âê¶
20,concept_20,38,Âê¶
260,concept_260,38,Âê¶
75,concept_75,37,Âê¶
193,concept_193,35,Âê¶
221,concept_221,35,Âê¶
4,concept_4,32,Âê¶
29,concept_29,32,Âê¶
101,concept_101,32,Âê¶
253,concept_253,32,Âê¶
69,concept_69,31,Âê¶
5,concept_5,30,Âê¶
10,concept_10,30,Âê¶
14,concept_14,30,Âê¶
21,concept_21,30,Âê¶
131,concept_131,30,Âê¶
211,concept_211,30,Âê¶
294,concept_294,29,Âê¶
25,concept_25,28,Âê¶
36,concept_36,28,Âê¶
90,concept_90,28,Âê¶
119,concept_119,28,Âê¶
274,concept_274,28,Âê¶
9,concept_9,27,Âê¶
23,concept_23,27,Âê¶
31,concept_31,27,Âê¶
63,concept_63,27,Âê¶
81,concept_81,27,Âê¶
153,concept_153,27,Âê¶
0,concept_0,26,Âê¶
1,concept_1,26,Âê¶
8,concept_8,26,Âê¶
52,concept_52,26,Âê¶
53,concept_53,26,Âê¶
59,concept_59,26,Âê¶
248,concept_248,26,Âê¶
16,concept_16,25,Âê¶
50,concept_50,25,Âê¶
60,concept_60,25,Âê¶
84,concept_84,25,Âê¶
116,concept_116,25,Âê¶
183,concept_183,25,Âê¶
194,concept_194,25,Âê¶
2,concept_2,24,Âê¶
15,concept_15,24,Âê¶
19,concept_19,24,Âê¶
22,concept_22,24,Âê¶
24,concept_24,24,Âê¶
37,concept_37,24,Âê¶
38,concept_38,24,Âê¶
39,concept_39,24,Âê¶
45,concept_45,24,Âê¶
220,concept_220,24,Âê¶
11,concept_11,23,Âê¶
30,concept_30,23,Âê¶
43,concept_43,23,Âê¶
58,concept_58,23,Âê¶
64,concept_64,23,Âê¶
71,concept_71,23,Âê¶
105,concept_105,23,Âê¶
111,concept_111,23,Âê¶
134,concept_134,23,Âê¶
168,concept_168,23,Âê¶
187,concept_187,23,Âê¶
262,concept_262,23,Âê¶
13,concept_13,22,Âê¶
28,concept_28,22,Âê¶
44,concept_44,22,Âê¶
46,concept_46,22,Âê¶
65,concept_65,22,Âê¶
79,concept_79,22,Âê¶
92,concept_92,22,Âê¶
107,concept_107,22,Âê¶
109,concept_109,22,Âê¶
118,concept_118,22,Âê¶
120,concept_120,22,Âê¶
133,concept_133,22,Âê¶
152,concept_152,22,Âê¶
165,concept_165,22,Âê¶
172,concept_172,22,Âê¶
293,concept_293,22,Âê¶
26,concept_26,21,Âê¶
41,concept_41,21,Âê¶
70,concept_70,21,Âê¶
86,concept_86,21,Âê¶
126,concept_126,21,Âê¶
157,concept_157,21,Âê¶
174,concept_174,21,Âê¶
182,concept_182,21,Âê¶
195,concept_195,21,Âê¶
203,concept_203,21,Âê¶
47,concept_47,20,Âê¶
73,concept_73,20,Âê¶
91,concept_91,20,Âê¶
93,concept_93,20,Âê¶
110,concept_110,20,Âê¶
169,concept_169,20,Âê¶
189,concept_189,20,Âê¶
196,concept_196,20,Âê¶
199,concept_199,20,Âê¶
210,concept_210,20,Âê¶
243,concept_243,20,Âê¶
34,concept_34,19,Âê¶
40,concept_40,19,Âê¶
62,concept_62,19,Âê¶
66,concept_66,19,Âê¶
72,concept_72,19,Âê¶
78,concept_78,19,Âê¶
80,concept_80,19,Âê¶
167,concept_167,19,Âê¶
181,concept_181,19,Âê¶
186,concept_186,19,Âê¶
202,concept_202,19,Âê¶
17,concept_17,18,Âê¶
49,concept_49,18,Âê¶
85,concept_85,18,Âê¶
115,concept_115,18,Âê¶
124,concept_124,18,Âê¶
125,concept_125,18,Âê¶
146,concept_146,18,Âê¶
158,concept_158,18,Âê¶
166,concept_166,18,Âê¶
179,concept_179,18,Âê¶
184,concept_184,18,Âê¶
188,concept_188,18,Âê¶
190,concept_190,18,Âê¶
204,concept_204,18,Âê¶
6,concept_6,17,Âê¶
12,concept_12,17,Âê¶
27,concept_27,17,Âê¶
32,concept_32,17,Âê¶
55,concept_55,17,Âê¶
57,concept_57,17,Âê¶
76,concept_76,17,Âê¶
96,concept_96,17,Âê¶
104,concept_104,17,Âê¶
112,concept_112,17,Âê¶
113,concept_113,17,Âê¶
139,concept_139,17,Âê¶
155,concept_155,17,Âê¶
205,concept_205,17,Âê¶
207,concept_207,17,Âê¶
87,concept_87,16,Âê¶
98,concept_98,16,Âê¶
99,concept_99,16,Âê¶
103,concept_103,16,Âê¶
106,concept_106,16,Âê¶
127,concept_127,16,Âê¶
154,concept_154,16,Âê¶
159,concept_159,16,Âê¶
201,concept_201,16,Âê¶
254,concept_254,16,Âê¶
258,concept_258,16,Âê¶
261,concept_261,16,Âê¶
42,concept_42,15,Âê¶
77,concept_77,15,Âê¶
102,concept_102,15,Âê¶
122,concept_122,15,Âê¶
140,concept_140,15,Âê¶
164,concept_164,15,Âê¶
185,concept_185,15,Âê¶
197,concept_197,15,Âê¶
208,concept_208,15,Âê¶
298,concept_298,15,Âê¶
7,concept_7,14,Âê¶
74,concept_74,14,Âê¶
83,concept_83,14,Âê¶
94,concept_94,14,Âê¶
97,concept_97,14,Âê¶
108,concept_108,14,Âê¶
121,concept_121,14,Âê¶
123,concept_123,14,Âê¶
128,concept_128,14,Âê¶
144,concept_144,14,Âê¶
156,concept_156,14,Âê¶
173,concept_173,14,Âê¶
180,concept_180,14,Âê¶
239,concept_239,14,Âê¶
250,concept_250,14,Âê¶
252,concept_252,14,Âê¶
255,concept_255,14,Âê¶
256,concept_256,14,Âê¶
306,concept_306,14,Âê¶
307,concept_307,14,Âê¶
56,concept_56,13,Âê¶
130,concept_130,13,Âê¶
141,concept_141,13,Âê¶
143,concept_143,13,Âê¶
148,concept_148,13,Âê¶
160,concept_160,13,Âê¶
171,concept_171,13,Âê¶
175,concept_175,13,Âê¶
227,concept_227,13,Âê¶
3,concept_3,12,Âê¶
138,concept_138,12,Âê¶
147,concept_147,12,Âê¶
150,concept_150,12,Âê¶
216,concept_216,12,Âê¶
251,concept_251,12,Âê¶
295,concept_295,12,Âê¶
297,concept_297,12,Âê¶
82,concept_82,11,Âê¶
89,concept_89,11,Âê¶
95,concept_95,11,Âê¶
100,concept_100,11,Âê¶
135,concept_135,11,Âê¶
142,concept_142,11,Âê¶
162,concept_162,11,Âê¶
225,concept_225,11,Âê¶
61,concept_61,10,Âê¶
68,concept_68,10,Âê¶
136,concept_136,10,Âê¶
224,concept_224,10,Âê¶
242,concept_242,10,Âê¶
299,concept_299,10,Âê¶
300,concept_300,10,Âê¶
137,concept_137,9,Âê¶
177,concept_177,9,Âê¶
192,concept_192,9,Âê¶
198,concept_198,9,Âê¶
200,concept_200,9,Âê¶
217,concept_217,9,Âê¶
238,concept_238,9,Âê¶
305,concept_305,9,Âê¶
33,concept_33,8,Âê¶
88,concept_88,8,Âê¶
214,concept_214,8,Âê¶
222,concept_222,8,Âê¶
223,concept_223,8,Âê¶
230,concept_230,8,Âê¶
231,concept_231,8,Âê¶
232,concept_232,8,Âê¶
237,concept_237,8,Âê¶
296,concept_296,8,Âê¶
114,concept_114,7,Âê¶
170,concept_170,7,Âê¶
213,concept_213,7,Âê¶
215,concept_215,7,Âê¶
219,concept_219,7,Âê¶
234,concept_234,7,Âê¶
301,concept_301,7,Âê¶
18,concept_18,6,Âê¶
226,concept_226,6,Âê¶
229,concept_229,6,Âê¶
233,concept_233,6,Âê¶
245,concept_245,6,Âê¶
246,concept_246,6,Âê¶
48,concept_48,5,Âê¶
241,concept_241,5,Âê¶
309,concept_309,5,Âê¶
161,concept_161,4,Âê¶
228,concept_228,4,Âê¶
247,concept_247,4,Âê¶
278,concept_278,4,Âê¶
284,concept_284,4,Âê¶
292,concept_292,4,Âê¶
129,concept_129,3,Âê¶
176,concept_176,3,Âê¶
191,concept_191,3,Âê¶
263,concept_263,3,Âê¶
272,concept_272,3,Âê¶
276,concept_276,3,Âê¶
277,concept_277,3,Âê¶
67,concept_67,2,Âê¶
206,concept_206,2,Âê¶
264,concept_264,2,Âê¶
265,concept_265,2,Âê¶
267,concept_267,2,Âê¶
269,concept_269,2,Âê¶
275,concept_275,2,Âê¶
280,concept_280,2,Âê¶
286,concept_286,2,Âê¶
288,concept_288,2,Âê¶
291,concept_291,2,Âê¶
303,concept_303,2,Âê¶
257,concept_257,1,Âê¶
271,concept_271,1,Âê¶
273,concept_273,1,Âê¶
279,concept_279,1,Âê¶
281,concept_281,1,Âê¶
282,concept_282,1,Âê¶
285,concept_285,1,Âê¶
287,concept_287,1,Âê¶
290,concept_290,1,Âê¶
302,concept_302,1,Âê¶
266,concept_266,0,ÊòØ
270,concept_270,0,ÊòØ
